queuedTaskID,sb_id,processName,failedStep,errorCode,dateCreated,retryCount,dateLastRetry,recordProcessed,dateProcessed,description
5,622158,CreateProfileAndFPS,StoreProfile,3045,19:40.8,0,NULL,YES,11:14.7,NULL
8,1144101,createProfileWithoutFPS,StoreProfile,GIBU,35:38.7,1,00:19.1,YES,00:52.7,NULL
12,622113,createProfileWithExistingFPS,UpdateDigitalIDInProfile,dup3,30:20.3,5,10:31.5,YES,10:31.5,NULL
13,622120,createProfileWithoutFPS,StoreProfile,-7,53:18.5,0,NULL,YES,00:53.5,NULL
14,622121,createProfileWithoutFPS,StoreProfile,-7,11:40.4,0,NULL,YES,00:55.3,NULL
16,622123,createProfileWithoutFPS,StoreProfile,-7,23:51.5,0,NULL,YES,00:56.1,NULL
17,622124,createProfileWithoutFPS,StoreProfile,-4,41:24.8,0,NULL,YES,00:56.8,NULL
18,622126,createProfileWithExistingFPS,UpdateDigitalIDInProfile,CU02,29:35.1,4,23:06.0,YES,23:06.0,NULL
19,5435,CLEAN-UP,,,32:52.5,0,NULL,no,NULL,NULL
20,7499,CLEAN-UP,,,32:52.5,0,NULL,no,NULL,NULL
21,7632,CLEAN-UP,,,32:52.5,0,NULL,no,NULL,NULL
22,11511,CLEAN-UP,,,32:52.5,0,NULL,no,NULL,NULL
23,19155,CLEAN-UP,,,32:52.5,0,NULL,no,NULL,NULL
24,21112,CLEAN-UP,,,32:52.5,0,NULL,no,NULL,NULL
25,21542,CLEAN-UP,,,32:52.5,0,NULL,no,NULL,NULL
26,22201,CLEAN-UP,,,32:52.5,0,NULL,no,NULL,NULL
27,24175,CLEAN-UP,,,32:52.5,0,NULL,no,NULL,NULL
28,29616,CLEAN-UP,,,32:52.5,0,NULL,no,NULL,NULL
36,43258,CLEAN-UP,,,32:52.5,0,NULL,no,NULL,NULL
37,47359,CLEAN-UP,,,32:52.5,0,NULL,no,NULL,NULL
38,50602,CLEAN-UP,,,32:52.5,0,NULL,no,NULL,NULL
39,50692,CLEAN-UP,,,32:52.5,0,NULL,no,NULL,NULL
40,57042,CLEAN-UP,,,32:52.5,0,NULL,no,NULL,NULL
41,60354,CLEAN-UP,,,32:52.5,0,NULL,no,NULL,NULL
42,60967,CLEAN-UP,,,32:52.5,0,NULL,no,NULL,NULL
43,62987,CLEAN-UP,,,32:52.5,0,NULL,no,NULL,NULL
44,63106,CLEAN-UP,,,32:52.5,0,NULL,no,NULL,NULL
45,63192,CLEAN-UP,,,32:52.5,0,NULL,no,NULL,NULL
46,63544,CLEAN-UP,,,32:52.5,0,NULL,no,NULL,NULL
47,65516,CLEAN-UP,,,32:52.5,0,NULL,no,NULL,NULL
48,65841,CLEAN-UP,,,32:52.5,0,NULL,no,NULL,NULL
49,67937,CLEAN-UP,,,32:52.5,0,NULL,no,NULL,NULL
50,67945,CLEAN-UP,,,32:52.5,0,NULL,no,NULL,NULL
51,68043,CLEAN-UP,,,32:52.5,0,NULL,no,NULL,NULL
52,68303,CLEAN-UP,,,32:52.5,0,NULL,no,NULL,NULL
53,68772,CLEAN-UP,,,32:52.5,0,NULL,no,NULL,NULL
54,69418,CLEAN-UP,,,32:52.5,0,NULL,no,NULL,NULL
55,70768,CLEAN-UP,,,32:52.5,0,NULL,no,NULL,NULL
56,71678,CLEAN-UP,,,32:52.5,0,NULL,no,NULL,NULL
57,71835,CLEAN-UP,,,32:52.5,0,NULL,no,NULL,NULL
58,72482,CLEAN-UP,,,32:52.5,0,NULL,no,NULL,NULL
59,73471,CLEAN-UP,,,32:52.5,0,NULL,no,NULL,NULL
60,74735,CLEAN-UP,,,32:52.5,0,NULL,no,NULL,NULL
61,74944,CLEAN-UP,,,32:52.5,0,NULL,no,NULL,NULL
62,75387,CLEAN-UP,,,32:52.5,0,NULL,no,NULL,NULL
63,76863,CLEAN-UP,,,32:52.5,0,NULL,no,NULL,NULL
64,77299,CLEAN-UP,,,32:52.5,0,NULL,no,NULL,NULL
65,77604,CLEAN-UP,,,32:52.5,0,NULL,no,NULL,NULL
66,78141,CLEAN-UP,,,32:52.5,0,NULL,no,NULL,NULL
67,79801,CLEAN-UP,,,32:52.5,0,NULL,no,NULL,NULL
68,80027,CLEAN-UP,,,32:52.5,0,NULL,no,NULL,NULL
69,80956,CLEAN-UP,,,32:52.5,0,NULL,no,NULL,NULL
70,81024,CLEAN-UP,,,32:52.5,0,NULL,no,NULL,NULL
71,81352,CLEAN-UP,,,32:52.5,0,NULL,no,NULL,NULL
72,83114,CLEAN-UP,,,32:52.5,0,NULL,no,NULL,NULL
73,83707,CLEAN-UP,,,32:52.5,0,NULL,no,NULL,NULL
74,84883,CLEAN-UP,,,32:52.5,0,NULL,no,NULL,NULL
75,85462,CLEAN-UP,,,32:52.5,0,NULL,no,NULL,NULL
76,87215,CLEAN-UP,,,32:52.5,0,NULL,no,NULL,NULL
77,87447,CLEAN-UP,,,32:52.5,0,NULL,no,NULL,NULL
78,88415,CLEAN-UP,,,32:52.5,0,NULL,no,NULL,NULL
79,90059,CLEAN-UP,,,32:52.5,0,NULL,no,NULL,NULL
80,92788,CLEAN-UP,,,32:52.5,0,NULL,no,NULL,NULL
81,92836,CLEAN-UP,,,32:52.5,0,NULL,no,NULL,NULL
82,93949,CLEAN-UP,,,32:52.5,0,NULL,no,NULL,NULL
83,94046,CLEAN-UP,,,32:52.5,0,NULL,no,NULL,NULL
84,95428,CLEAN-UP,,,32:52.5,0,NULL,no,NULL,NULL
85,96731,CLEAN-UP,,,32:52.5,0,NULL,no,NULL,NULL
86,96848,CLEAN-UP,,,32:52.5,0,NULL,no,NULL,NULL
87,97034,CLEAN-UP,,,32:52.5,0,NULL,no,NULL,NULL
88,98415,CLEAN-UP,,,32:52.5,0,NULL,no,NULL,NULL
89,99712,CLEAN-UP,,,32:52.5,0,NULL,no,NULL,NULL
90,99756,CLEAN-UP,,,32:52.5,0,NULL,no,NULL,NULL
91,100031,CLEAN-UP,,,32:52.5,0,NULL,no,NULL,NULL
92,100676,CLEAN-UP,,,32:52.5,0,NULL,no,NULL,NULL
93,101848,CLEAN-UP,,,32:52.5,0,NULL,no,NULL,NULL
94,101881,CLEAN-UP,,,32:52.5,0,NULL,no,NULL,NULL
95,101902,CLEAN-UP,,,32:52.5,0,NULL,no,NULL,NULL
96,102628,CLEAN-UP,,,32:52.5,0,NULL,no,NULL,NULL
97,104909,CLEAN-UP,,,32:52.5,0,NULL,no,NULL,NULL
98,105145,CLEAN-UP,,,32:52.5,0,NULL,no,NULL,NULL
99,105335,CLEAN-UP,,,32:52.5,0,NULL,no,NULL,NULL
100,105889,CLEAN-UP,,,32:52.5,0,NULL,no,NULL,NULL
101,105933,CLEAN-UP,,,32:52.6,0,NULL,no,NULL,NULL
102,105952,CLEAN-UP,,,32:52.6,0,NULL,no,NULL,NULL
103,108322,CLEAN-UP,,,32:52.6,0,NULL,no,NULL,NULL
104,108380,CLEAN-UP,,,32:52.6,0,NULL,no,NULL,NULL
105,108667,CLEAN-UP,,,32:52.6,0,NULL,no,NULL,NULL
106,108871,CLEAN-UP,,,32:52.6,0,NULL,no,NULL,NULL
107,109073,CLEAN-UP,,,32:52.6,0,NULL,no,NULL,NULL
108,109135,CLEAN-UP,,,32:52.6,0,NULL,no,NULL,NULL
109,109517,CLEAN-UP,,,32:52.6,0,NULL,no,NULL,NULL
110,109627,CLEAN-UP,,,32:52.6,0,NULL,no,NULL,NULL
111,111485,CLEAN-UP,,,32:52.6,0,NULL,no,NULL,NULL
112,113355,CLEAN-UP,,,32:52.6,0,NULL,no,NULL,NULL
113,113752,CLEAN-UP,,,32:52.6,0,NULL,no,NULL,NULL
114,114321,CLEAN-UP,,,32:52.6,0,NULL,no,NULL,NULL
115,115102,CLEAN-UP,,,32:52.6,0,NULL,no,NULL,NULL
116,116136,CLEAN-UP,,,32:52.6,0,NULL,no,NULL,NULL
117,116164,CLEAN-UP,,,32:52.6,0,NULL,no,NULL,NULL
118,119638,CLEAN-UP,,,32:52.6,0,NULL,no,NULL,NULL
119,119835,CLEAN-UP,,,32:52.6,0,NULL,no,NULL,NULL
120,120586,CLEAN-UP,,,32:52.6,0,NULL,no,NULL,NULL
121,122211,CLEAN-UP,,,32:52.6,0,NULL,no,NULL,NULL
122,122348,CLEAN-UP,,,32:52.6,0,NULL,no,NULL,NULL
123,123122,CLEAN-UP,,,32:52.6,0,NULL,no,NULL,NULL
124,123739,CLEAN-UP,,,32:52.6,0,NULL,no,NULL,NULL
125,124132,CLEAN-UP,,,32:52.6,0,NULL,no,NULL,NULL
126,124400,CLEAN-UP,,,32:52.6,0,NULL,no,NULL,NULL
127,124424,CLEAN-UP,,,32:52.6,0,NULL,no,NULL,NULL
128,125234,CLEAN-UP,,,32:52.6,0,NULL,no,NULL,NULL
129,125401,CLEAN-UP,,,32:52.6,0,NULL,no,NULL,NULL
130,125786,CLEAN-UP,,,32:52.6,0,NULL,no,NULL,NULL
131,126422,CLEAN-UP,,,32:52.6,0,NULL,no,NULL,NULL
132,126623,CLEAN-UP,,,32:52.6,0,NULL,no,NULL,NULL
133,126670,CLEAN-UP,,,32:52.6,0,NULL,no,NULL,NULL
134,126939,CLEAN-UP,,,32:52.6,0,NULL,no,NULL,NULL
135,127217,CLEAN-UP,,,32:52.6,0,NULL,no,NULL,NULL
136,127799,CLEAN-UP,,,32:52.6,0,NULL,no,NULL,NULL
137,128256,CLEAN-UP,,,32:52.6,0,NULL,no,NULL,NULL
138,129325,CLEAN-UP,,,32:52.6,0,NULL,no,NULL,NULL
139,129402,CLEAN-UP,,,32:52.6,0,NULL,no,NULL,NULL
140,130072,CLEAN-UP,,,32:52.6,0,NULL,no,NULL,NULL
141,131682,CLEAN-UP,,,32:52.6,0,NULL,no,NULL,NULL
142,131729,CLEAN-UP,,,32:52.6,0,NULL,no,NULL,NULL
143,132639,CLEAN-UP,,,32:52.6,0,NULL,no,NULL,NULL
144,132868,CLEAN-UP,,,32:52.6,0,NULL,no,NULL,NULL
145,132962,CLEAN-UP,,,32:52.6,0,NULL,no,NULL,NULL
146,134434,CLEAN-UP,,,32:52.6,0,NULL,no,NULL,NULL
147,134502,CLEAN-UP,,,32:52.6,0,NULL,no,NULL,NULL
148,135006,CLEAN-UP,,,32:52.6,0,NULL,no,NULL,NULL
149,135169,CLEAN-UP,,,32:52.6,0,NULL,no,NULL,NULL
150,135527,CLEAN-UP,,,32:52.6,0,NULL,no,NULL,NULL
151,135719,CLEAN-UP,,,32:52.6,0,NULL,no,NULL,NULL
152,135737,CLEAN-UP,,,32:52.6,0,NULL,no,NULL,NULL
153,136395,CLEAN-UP,,,32:52.6,0,NULL,no,NULL,NULL
154,136486,CLEAN-UP,,,32:52.6,0,NULL,no,NULL,NULL
155,136794,CLEAN-UP,,,32:52.6,0,NULL,no,NULL,NULL
156,137217,CLEAN-UP,,,32:52.6,0,NULL,no,NULL,NULL
157,137360,CLEAN-UP,,,32:52.6,0,NULL,no,NULL,NULL
158,137578,CLEAN-UP,,,32:52.6,0,NULL,no,NULL,NULL
159,138095,CLEAN-UP,,,32:52.6,0,NULL,no,NULL,NULL
160,138276,CLEAN-UP,,,32:52.6,0,NULL,no,NULL,NULL
161,138307,CLEAN-UP,,,32:52.6,0,NULL,no,NULL,NULL
162,138392,CLEAN-UP,,,32:52.6,0,NULL,no,NULL,NULL
163,138573,CLEAN-UP,,,32:52.6,0,NULL,no,NULL,NULL
164,138856,CLEAN-UP,,,32:52.6,0,NULL,no,NULL,NULL
165,139169,CLEAN-UP,,,32:52.6,0,NULL,no,NULL,NULL
166,139294,CLEAN-UP,,,32:52.6,0,NULL,no,NULL,NULL
167,139638,CLEAN-UP,,,32:52.6,0,NULL,no,NULL,NULL
168,139732,CLEAN-UP,,,32:52.6,0,NULL,no,NULL,NULL
169,140140,CLEAN-UP,,,32:52.6,0,NULL,no,NULL,NULL
170,140492,CLEAN-UP,,,32:52.6,0,NULL,no,NULL,NULL
171,142664,CLEAN-UP,,,32:52.6,0,NULL,no,NULL,NULL
172,142743,CLEAN-UP,,,32:52.6,0,NULL,no,NULL,NULL
173,143539,CLEAN-UP,,,32:52.6,0,NULL,no,NULL,NULL
174,143710,CLEAN-UP,,,32:52.6,0,NULL,no,NULL,NULL
175,143906,CLEAN-UP,,,32:52.6,0,NULL,no,NULL,NULL
176,144105,CLEAN-UP,,,32:52.6,0,NULL,no,NULL,NULL
177,144296,CLEAN-UP,,,32:52.6,0,NULL,no,NULL,NULL
178,144507,CLEAN-UP,,,32:52.6,0,NULL,no,NULL,NULL
179,144560,CLEAN-UP,,,32:52.6,0,NULL,no,NULL,NULL
180,144574,CLEAN-UP,,,32:52.6,0,NULL,no,NULL,NULL
181,144645,CLEAN-UP,,,32:52.6,0,NULL,no,NULL,NULL
182,144664,CLEAN-UP,,,32:52.6,0,NULL,no,NULL,NULL
183,144993,CLEAN-UP,,,32:52.6,0,NULL,no,NULL,NULL
184,145303,CLEAN-UP,,,32:52.6,0,NULL,no,NULL,NULL
185,145499,CLEAN-UP,,,32:52.6,0,NULL,no,NULL,NULL
186,145502,CLEAN-UP,,,32:52.6,0,NULL,no,NULL,NULL
187,145775,CLEAN-UP,,,32:52.6,0,NULL,no,NULL,NULL
188,146042,CLEAN-UP,,,32:52.6,0,NULL,no,NULL,NULL
189,146076,CLEAN-UP,,,32:52.6,0,NULL,no,NULL,NULL
190,146752,CLEAN-UP,,,32:52.6,0,NULL,no,NULL,NULL
191,147203,CLEAN-UP,,,32:52.6,0,NULL,no,NULL,NULL
192,147585,CLEAN-UP,,,32:52.6,0,NULL,no,NULL,NULL
193,147639,CLEAN-UP,,,32:52.6,0,NULL,no,NULL,NULL
194,147950,CLEAN-UP,,,32:52.6,0,NULL,no,NULL,NULL
195,148012,CLEAN-UP,,,32:52.6,0,NULL,no,NULL,NULL
196,148013,CLEAN-UP,,,32:52.6,0,NULL,no,NULL,NULL
197,148056,CLEAN-UP,,,32:52.6,0,NULL,no,NULL,NULL
198,148097,CLEAN-UP,,,32:52.6,0,NULL,no,NULL,NULL
199,148119,CLEAN-UP,,,32:52.6,0,NULL,no,NULL,NULL
200,148454,CLEAN-UP,,,32:52.6,0,NULL,no,NULL,NULL
201,148635,CLEAN-UP,,,32:52.6,0,NULL,no,NULL,NULL
202,148655,CLEAN-UP,,,32:52.6,0,NULL,no,NULL,NULL
203,148816,CLEAN-UP,,,32:52.6,0,NULL,no,NULL,NULL
204,148933,CLEAN-UP,,,32:52.6,0,NULL,no,NULL,NULL
205,149018,CLEAN-UP,,,32:52.6,0,NULL,no,NULL,NULL
206,149080,CLEAN-UP,,,32:52.6,0,NULL,no,NULL,NULL
207,149153,CLEAN-UP,,,32:52.6,0,NULL,no,NULL,NULL
208,150685,CLEAN-UP,,,32:52.6,0,NULL,no,NULL,NULL
209,150797,CLEAN-UP,,,32:52.6,0,NULL,no,NULL,NULL
210,151606,CLEAN-UP,,,32:52.6,0,NULL,no,NULL,NULL
211,151933,CLEAN-UP,,,32:52.6,0,NULL,no,NULL,NULL
212,152329,CLEAN-UP,,,32:52.6,0,NULL,no,NULL,NULL
213,152455,CLEAN-UP,,,32:52.6,0,NULL,no,NULL,NULL
214,152965,CLEAN-UP,,,32:52.6,0,NULL,no,NULL,NULL
215,153485,CLEAN-UP,,,32:52.6,0,NULL,no,NULL,NULL
216,153541,CLEAN-UP,,,32:52.6,0,NULL,no,NULL,NULL
217,154064,CLEAN-UP,,,32:52.6,0,NULL,no,NULL,NULL
218,154299,CLEAN-UP,,,32:52.6,0,NULL,no,NULL,NULL
219,154395,CLEAN-UP,,,32:52.6,0,NULL,no,NULL,NULL
220,154706,CLEAN-UP,,,32:52.6,0,NULL,no,NULL,NULL
221,154750,CLEAN-UP,,,32:52.6,0,NULL,no,NULL,NULL
222,154924,CLEAN-UP,,,32:52.6,0,NULL,no,NULL,NULL
223,154960,CLEAN-UP,,,32:52.6,0,NULL,no,NULL,NULL
224,155021,CLEAN-UP,,,32:52.6,0,NULL,no,NULL,NULL
225,155098,CLEAN-UP,,,32:52.6,0,NULL,no,NULL,NULL
226,155157,CLEAN-UP,,,32:52.6,0,NULL,no,NULL,NULL
227,155158,CLEAN-UP,,,32:52.6,0,NULL,no,NULL,NULL
228,155306,CLEAN-UP,,,32:52.6,0,NULL,no,NULL,NULL
229,155370,CLEAN-UP,,,32:52.6,0,NULL,no,NULL,NULL
230,155861,CLEAN-UP,,,32:52.6,0,NULL,no,NULL,NULL
231,156590,CLEAN-UP,,,32:52.6,0,NULL,no,NULL,NULL
232,157395,CLEAN-UP,,,32:52.6,0,NULL,no,NULL,NULL
233,157936,CLEAN-UP,,,32:52.6,0,NULL,no,NULL,NULL
234,158417,CLEAN-UP,,,32:52.6,0,NULL,no,NULL,NULL
235,158440,CLEAN-UP,,,32:52.6,0,NULL,no,NULL,NULL
236,159071,CLEAN-UP,,,32:52.6,0,NULL,no,NULL,NULL
237,159081,CLEAN-UP,,,32:52.6,0,NULL,no,NULL,NULL
238,159119,CLEAN-UP,,,32:52.6,0,NULL,no,NULL,NULL
239,159350,CLEAN-UP,,,32:52.6,0,NULL,no,NULL,NULL
240,159858,CLEAN-UP,,,32:52.6,0,NULL,no,NULL,NULL
241,160342,CLEAN-UP,,,32:52.6,0,NULL,no,NULL,NULL
242,160384,CLEAN-UP,,,32:52.6,0,NULL,no,NULL,NULL
243,160462,CLEAN-UP,,,32:52.6,0,NULL,no,NULL,NULL
244,160713,CLEAN-UP,,,32:52.6,0,NULL,no,NULL,NULL
245,161252,CLEAN-UP,,,32:52.6,0,NULL,no,NULL,NULL
246,161466,CLEAN-UP,,,32:52.6,0,NULL,no,NULL,NULL
247,161959,CLEAN-UP,,,32:52.6,0,NULL,no,NULL,NULL
248,162546,CLEAN-UP,,,32:52.6,0,NULL,no,NULL,NULL
249,162761,CLEAN-UP,,,32:52.6,0,NULL,no,NULL,NULL
250,163568,CLEAN-UP,,,32:52.6,0,NULL,YES,NULL,NULL
251,163769,CLEAN-UP,,,32:52.6,0,NULL,no,NULL,NULL
252,163809,CLEAN-UP,,,32:52.6,0,NULL,no,NULL,NULL
253,163829,CLEAN-UP,,,32:52.6,0,NULL,no,NULL,NULL
254,163871,CLEAN-UP,,,32:52.6,0,NULL,no,NULL,NULL
255,163891,CLEAN-UP,,,32:52.6,0,NULL,no,NULL,NULL
256,163980,CLEAN-UP,,,32:52.6,0,NULL,no,NULL,NULL
257,164217,CLEAN-UP,,,32:52.6,0,NULL,no,NULL,NULL
258,164370,CLEAN-UP,,,32:52.6,0,NULL,no,NULL,NULL
259,164858,CLEAN-UP,,,32:52.6,0,NULL,no,NULL,NULL
260,165168,CLEAN-UP,,,32:52.6,0,NULL,no,NULL,NULL
261,165294,CLEAN-UP,,,32:52.6,0,NULL,no,NULL,NULL
262,166734,CLEAN-UP,,,32:52.6,0,NULL,no,NULL,NULL
263,167667,CLEAN-UP,,,32:52.6,0,NULL,no,NULL,NULL
264,167729,CLEAN-UP,,,32:52.6,0,NULL,no,NULL,NULL
265,168368,CLEAN-UP,,,32:52.6,0,NULL,no,NULL,NULL
266,168416,CLEAN-UP,,,32:52.6,0,NULL,no,NULL,NULL
267,169264,CLEAN-UP,,,32:52.6,0,NULL,no,NULL,NULL
268,169591,CLEAN-UP,,,32:52.6,0,NULL,no,NULL,NULL
269,169734,CLEAN-UP,,,32:52.6,0,NULL,no,NULL,NULL
270,169774,CLEAN-UP,,,32:52.6,0,NULL,no,NULL,NULL
271,170060,CLEAN-UP,,,32:52.6,0,NULL,no,NULL,NULL
272,170426,CLEAN-UP,,,32:52.6,0,NULL,no,NULL,NULL
273,170456,CLEAN-UP,,,32:52.6,0,NULL,no,NULL,NULL
274,170712,CLEAN-UP,,,32:52.6,0,NULL,no,NULL,NULL
275,171796,CLEAN-UP,,,32:52.6,0,NULL,no,NULL,NULL
276,172877,CLEAN-UP,,,32:52.6,0,NULL,no,NULL,NULL
277,173108,CLEAN-UP,,,32:52.6,0,NULL,no,NULL,NULL
278,174034,CLEAN-UP,,,32:52.6,0,NULL,no,NULL,NULL
279,174143,CLEAN-UP,,,32:52.6,0,NULL,no,NULL,NULL
280,174808,CLEAN-UP,,,32:52.6,0,NULL,no,NULL,NULL
281,174985,CLEAN-UP,,,32:52.6,0,NULL,no,NULL,NULL
282,175107,CLEAN-UP,,,32:52.6,0,NULL,no,NULL,NULL
283,175479,CLEAN-UP,,,32:52.6,0,NULL,no,NULL,NULL
284,175589,CLEAN-UP,,,32:52.6,0,NULL,no,NULL,NULL
285,176582,CLEAN-UP,,,32:52.6,0,NULL,no,NULL,NULL
286,176812,CLEAN-UP,,,32:52.6,0,NULL,no,NULL,NULL
287,176918,CLEAN-UP,,,32:52.6,0,NULL,no,NULL,NULL
288,177125,CLEAN-UP,,,32:52.6,0,NULL,no,NULL,NULL
289,177562,CLEAN-UP,,,32:52.6,0,NULL,no,NULL,NULL
290,177635,CLEAN-UP,,,32:52.6,0,NULL,no,NULL,NULL
291,178022,CLEAN-UP,,,32:52.6,0,NULL,no,NULL,NULL
292,178055,CLEAN-UP,,,32:52.6,0,NULL,no,NULL,NULL
293,178529,CLEAN-UP,,,32:52.6,0,NULL,no,NULL,NULL
294,179130,CLEAN-UP,,,32:52.6,0,NULL,no,NULL,NULL
295,179436,CLEAN-UP,,,32:52.6,0,NULL,no,NULL,NULL
296,179473,CLEAN-UP,,,32:52.6,0,NULL,no,NULL,NULL
297,180721,CLEAN-UP,,,32:52.6,0,NULL,no,NULL,NULL
298,181405,CLEAN-UP,,,32:52.6,0,NULL,no,NULL,NULL
299,181412,CLEAN-UP,,,32:52.6,0,NULL,no,NULL,NULL
300,181854,CLEAN-UP,,,32:52.6,0,NULL,no,NULL,NULL
301,182305,CLEAN-UP,,,32:52.6,0,NULL,no,NULL,NULL
302,182556,CLEAN-UP,,,32:52.6,0,NULL,no,NULL,NULL
303,182627,CLEAN-UP,,,32:52.6,0,NULL,no,NULL,NULL
304,182698,CLEAN-UP,,,32:52.6,0,NULL,no,NULL,NULL
305,182709,CLEAN-UP,,,32:52.6,0,NULL,no,NULL,NULL
306,182760,CLEAN-UP,,,32:52.6,0,NULL,no,NULL,NULL
307,183651,CLEAN-UP,,,32:52.6,0,NULL,no,NULL,NULL
308,183761,CLEAN-UP,,,32:52.6,0,NULL,no,NULL,NULL
309,184078,CLEAN-UP,,,32:52.6,0,NULL,no,NULL,NULL
310,184578,CLEAN-UP,,,32:52.6,0,NULL,no,NULL,NULL
311,184640,CLEAN-UP,,,32:52.6,0,NULL,no,NULL,NULL
312,184779,CLEAN-UP,,,32:52.6,0,NULL,no,NULL,NULL
313,184927,CLEAN-UP,,,32:52.6,0,NULL,no,NULL,NULL
314,185701,CLEAN-UP,,,32:52.6,0,NULL,no,NULL,NULL
315,186013,CLEAN-UP,,,32:52.6,0,NULL,no,NULL,NULL
316,186054,CLEAN-UP,,,32:52.6,0,NULL,no,NULL,NULL
317,186159,CLEAN-UP,,,32:52.6,0,NULL,no,NULL,NULL
318,186217,CLEAN-UP,,,32:52.6,0,NULL,no,NULL,NULL
319,186747,CLEAN-UP,,,32:52.6,0,NULL,no,NULL,NULL
320,187269,CLEAN-UP,,,32:52.6,0,NULL,no,NULL,NULL
321,187401,CLEAN-UP,,,32:52.6,0,NULL,no,NULL,NULL
322,187498,CLEAN-UP,,,32:52.6,0,NULL,no,NULL,NULL
323,188299,CLEAN-UP,,,32:52.6,0,NULL,no,NULL,NULL
324,188324,CLEAN-UP,,,32:52.6,0,NULL,no,NULL,NULL
325,188510,CLEAN-UP,,,32:52.6,0,NULL,no,NULL,NULL
326,188561,CLEAN-UP,,,32:52.6,0,NULL,no,NULL,NULL
327,188718,CLEAN-UP,,,32:52.6,0,NULL,no,NULL,NULL
328,189071,CLEAN-UP,,,32:52.6,0,NULL,no,NULL,NULL
329,189127,CLEAN-UP,,,32:52.6,0,NULL,no,NULL,NULL
330,189169,CLEAN-UP,,,32:52.6,0,NULL,no,NULL,NULL
331,189347,CLEAN-UP,,,32:52.6,0,NULL,no,NULL,NULL
332,189806,CLEAN-UP,,,32:52.6,0,NULL,no,NULL,NULL
333,189851,CLEAN-UP,,,32:52.6,0,NULL,no,NULL,NULL
334,190203,CLEAN-UP,,,32:52.6,0,NULL,no,NULL,NULL
335,190379,CLEAN-UP,,,32:52.6,0,NULL,no,NULL,NULL
336,190772,CLEAN-UP,,,32:52.6,0,NULL,no,NULL,NULL
337,190956,CLEAN-UP,,,32:52.6,0,NULL,no,NULL,NULL
338,191008,CLEAN-UP,,,32:52.6,0,NULL,no,NULL,NULL
339,191058,CLEAN-UP,,,32:52.6,0,NULL,no,NULL,NULL
340,191095,CLEAN-UP,,,32:52.6,0,NULL,no,NULL,NULL
341,191514,CLEAN-UP,,,32:52.6,0,NULL,no,NULL,NULL
342,191562,CLEAN-UP,,,32:52.6,0,NULL,no,NULL,NULL
343,191700,CLEAN-UP,,,32:52.6,0,NULL,no,NULL,NULL
344,191750,CLEAN-UP,,,32:52.6,0,NULL,no,NULL,NULL
345,191752,CLEAN-UP,,,32:52.6,0,NULL,no,NULL,NULL
346,191769,CLEAN-UP,,,32:52.6,0,NULL,no,NULL,NULL
347,191789,CLEAN-UP,,,32:52.6,0,NULL,no,NULL,NULL
348,192055,CLEAN-UP,,,32:52.6,0,NULL,no,NULL,NULL
349,192736,CLEAN-UP,,,32:52.6,0,NULL,no,NULL,NULL
350,192797,CLEAN-UP,,,32:52.6,0,NULL,no,NULL,NULL
351,192816,CLEAN-UP,,,32:52.6,0,NULL,no,NULL,NULL
352,193119,CLEAN-UP,,,32:52.6,0,NULL,no,NULL,NULL
353,193155,CLEAN-UP,,,32:52.6,0,NULL,no,NULL,NULL
354,193255,CLEAN-UP,,,32:52.6,0,NULL,no,NULL,NULL
355,193765,CLEAN-UP,,,32:52.6,0,NULL,no,NULL,NULL
356,194229,CLEAN-UP,,,32:52.6,0,NULL,no,NULL,NULL
357,194525,CLEAN-UP,,,32:52.6,0,NULL,no,NULL,NULL
358,194703,CLEAN-UP,,,32:52.6,0,NULL,no,NULL,NULL
359,194860,CLEAN-UP,,,32:52.6,0,NULL,no,NULL,NULL
360,195411,CLEAN-UP,,,32:52.6,0,NULL,no,NULL,NULL
361,195420,CLEAN-UP,,,32:52.6,0,NULL,no,NULL,NULL
362,195682,CLEAN-UP,,,32:52.6,0,NULL,no,NULL,NULL
363,195880,CLEAN-UP,,,32:52.6,0,NULL,no,NULL,NULL
364,195900,CLEAN-UP,,,32:52.6,0,NULL,no,NULL,NULL
365,195941,CLEAN-UP,,,32:52.6,0,NULL,no,NULL,NULL
366,196180,CLEAN-UP,,,32:52.6,0,NULL,no,NULL,NULL
367,196463,CLEAN-UP,,,32:52.6,0,NULL,no,NULL,NULL
368,196496,CLEAN-UP,,,32:52.6,0,NULL,no,NULL,NULL
369,197129,CLEAN-UP,,,32:52.6,0,NULL,no,NULL,NULL
370,197172,CLEAN-UP,,,32:52.6,0,NULL,no,NULL,NULL
371,197652,CLEAN-UP,,,32:52.6,0,NULL,no,NULL,NULL
372,197683,CLEAN-UP,,,32:52.6,0,NULL,no,NULL,NULL
373,198190,CLEAN-UP,,,32:52.6,0,NULL,no,NULL,NULL
374,198387,CLEAN-UP,,,32:52.6,0,NULL,no,NULL,NULL
375,198529,CLEAN-UP,,,32:52.6,0,NULL,no,NULL,NULL
376,198685,CLEAN-UP,,,32:52.6,0,NULL,no,NULL,NULL
377,198997,CLEAN-UP,,,32:52.6,0,NULL,no,NULL,NULL
378,199660,CLEAN-UP,,,32:52.6,0,NULL,no,NULL,NULL
379,199671,CLEAN-UP,,,32:52.6,0,NULL,no,NULL,NULL
380,199813,CLEAN-UP,,,32:52.6,0,NULL,no,NULL,NULL
381,200518,CLEAN-UP,,,32:52.6,0,NULL,no,NULL,NULL
382,200857,CLEAN-UP,,,32:52.6,0,NULL,no,NULL,NULL
383,201093,CLEAN-UP,,,32:52.6,0,NULL,no,NULL,NULL
384,201145,CLEAN-UP,,,32:52.6,0,NULL,no,NULL,NULL
385,201280,CLEAN-UP,,,32:52.6,0,NULL,no,NULL,NULL
386,201531,CLEAN-UP,,,32:52.6,0,NULL,no,NULL,NULL
387,201916,CLEAN-UP,,,32:52.6,0,NULL,no,NULL,NULL
388,201920,CLEAN-UP,,,32:52.6,0,NULL,no,NULL,NULL
389,202309,CLEAN-UP,,,32:52.6,0,NULL,no,NULL,NULL
390,202344,CLEAN-UP,,,32:52.6,0,NULL,no,NULL,NULL
391,202396,CLEAN-UP,,,32:52.6,0,NULL,no,NULL,NULL
392,202876,CLEAN-UP,,,32:52.6,0,NULL,no,NULL,NULL
393,202887,CLEAN-UP,,,32:52.6,0,NULL,no,NULL,NULL
394,203111,CLEAN-UP,,,32:52.6,0,NULL,no,NULL,NULL
395,203161,CLEAN-UP,,,32:52.6,0,NULL,no,NULL,NULL
396,203476,CLEAN-UP,,,32:52.6,0,NULL,no,NULL,NULL
397,203623,CLEAN-UP,,,32:52.6,0,NULL,no,NULL,NULL
398,203729,CLEAN-UP,,,32:52.6,0,NULL,no,NULL,NULL
399,203788,CLEAN-UP,,,32:52.6,0,NULL,no,NULL,NULL
400,204156,CLEAN-UP,,,32:52.6,0,NULL,no,NULL,NULL
401,204228,CLEAN-UP,,,32:52.6,0,NULL,no,NULL,NULL
402,204459,CLEAN-UP,,,32:52.6,0,NULL,no,NULL,NULL
403,204673,CLEAN-UP,,,32:52.6,0,NULL,no,NULL,NULL
404,204745,CLEAN-UP,,,32:52.6,0,NULL,no,NULL,NULL
405,205020,CLEAN-UP,,,32:52.6,0,NULL,no,NULL,NULL
406,205090,CLEAN-UP,,,32:52.6,0,NULL,no,NULL,NULL
407,205261,CLEAN-UP,,,32:52.6,0,NULL,no,NULL,NULL
408,205815,CLEAN-UP,,,32:52.6,0,NULL,no,NULL,NULL
409,206102,CLEAN-UP,,,32:52.6,0,NULL,no,NULL,NULL
410,206256,CLEAN-UP,,,32:52.6,0,NULL,no,NULL,NULL
411,206375,CLEAN-UP,,,32:52.6,0,NULL,no,NULL,NULL
412,206479,CLEAN-UP,,,32:52.6,0,NULL,no,NULL,NULL
413,206749,CLEAN-UP,,,32:52.6,0,NULL,no,NULL,NULL
414,206833,CLEAN-UP,,,32:52.6,0,NULL,no,NULL,NULL
415,206843,CLEAN-UP,,,32:52.6,0,NULL,no,NULL,NULL
416,206850,CLEAN-UP,,,32:52.6,0,NULL,no,NULL,NULL
417,206896,CLEAN-UP,,,32:52.6,0,NULL,no,NULL,NULL
418,206918,CLEAN-UP,,,32:52.6,0,NULL,no,NULL,NULL
419,206951,CLEAN-UP,,,32:52.6,0,NULL,no,NULL,NULL
420,207219,CLEAN-UP,,,32:52.6,0,NULL,no,NULL,NULL
421,207351,CLEAN-UP,,,32:52.6,0,NULL,no,NULL,NULL
422,207622,CLEAN-UP,,,32:52.6,0,NULL,no,NULL,NULL
423,207769,CLEAN-UP,,,32:52.6,0,NULL,no,NULL,NULL
424,208209,CLEAN-UP,,,32:52.6,0,NULL,no,NULL,NULL
425,208291,CLEAN-UP,,,32:52.6,0,NULL,no,NULL,NULL
426,208323,CLEAN-UP,,,32:52.6,0,NULL,no,NULL,NULL
427,208337,CLEAN-UP,,,32:52.6,0,NULL,no,NULL,NULL
428,208383,CLEAN-UP,,,32:52.6,0,NULL,no,NULL,NULL
429,208732,CLEAN-UP,,,32:52.6,0,NULL,no,NULL,NULL
430,208890,CLEAN-UP,,,32:52.6,0,NULL,no,NULL,NULL
431,209249,CLEAN-UP,,,32:52.6,0,NULL,no,NULL,NULL
432,209404,CLEAN-UP,,,32:52.6,0,NULL,no,NULL,NULL
433,209511,CLEAN-UP,,,32:52.6,0,NULL,no,NULL,NULL
434,209558,CLEAN-UP,,,32:52.6,0,NULL,no,NULL,NULL
435,209821,CLEAN-UP,,,32:52.6,0,NULL,no,NULL,NULL
436,210356,CLEAN-UP,,,32:52.6,0,NULL,no,NULL,NULL
437,210386,CLEAN-UP,,,32:52.6,0,NULL,no,NULL,NULL
438,210542,CLEAN-UP,,,32:52.6,0,NULL,no,NULL,NULL
439,210834,CLEAN-UP,,,32:52.6,0,NULL,no,NULL,NULL
440,211177,CLEAN-UP,,,32:52.6,0,NULL,no,NULL,NULL
441,211536,CLEAN-UP,,,32:52.6,0,NULL,no,NULL,NULL
442,211545,CLEAN-UP,,,32:52.6,0,NULL,no,NULL,NULL
443,211746,CLEAN-UP,,,32:52.6,0,NULL,no,NULL,NULL
444,211761,CLEAN-UP,,,32:52.6,0,NULL,no,NULL,NULL
445,211918,CLEAN-UP,,,32:52.6,0,NULL,no,NULL,NULL
446,212095,CLEAN-UP,,,32:52.6,0,NULL,no,NULL,NULL
447,212272,CLEAN-UP,,,32:52.6,0,NULL,no,NULL,NULL
448,212276,CLEAN-UP,,,32:52.6,0,NULL,no,NULL,NULL
449,212282,CLEAN-UP,,,32:52.6,0,NULL,no,NULL,NULL
450,212445,CLEAN-UP,,,32:52.6,0,NULL,no,NULL,NULL
451,212672,CLEAN-UP,,,32:52.6,0,NULL,no,NULL,NULL
452,212749,CLEAN-UP,,,32:52.6,0,NULL,no,NULL,NULL
453,212939,CLEAN-UP,,,32:52.6,0,NULL,no,NULL,NULL
454,213010,CLEAN-UP,,,32:52.6,0,NULL,no,NULL,NULL
455,213053,CLEAN-UP,,,32:52.6,0,NULL,no,NULL,NULL
456,213316,CLEAN-UP,,,32:52.6,0,NULL,no,NULL,NULL
457,213368,CLEAN-UP,,,32:52.6,0,NULL,no,NULL,NULL
458,213377,CLEAN-UP,,,32:52.6,0,NULL,no,NULL,NULL
459,213464,CLEAN-UP,,,32:52.6,0,NULL,no,NULL,NULL
460,213536,CLEAN-UP,,,32:52.6,0,NULL,no,NULL,NULL
461,213922,CLEAN-UP,,,32:52.6,0,NULL,no,NULL,NULL
462,214084,CLEAN-UP,,,32:52.6,0,NULL,no,NULL,NULL
463,214210,CLEAN-UP,,,32:52.6,0,NULL,no,NULL,NULL
464,214371,CLEAN-UP,,,32:52.6,0,NULL,no,NULL,NULL
465,214548,CLEAN-UP,,,32:52.6,0,NULL,no,NULL,NULL
466,214597,CLEAN-UP,,,32:52.6,0,NULL,no,NULL,NULL
467,214985,CLEAN-UP,,,32:52.6,0,NULL,no,NULL,NULL
468,215094,CLEAN-UP,,,32:52.6,0,NULL,no,NULL,NULL
469,215181,CLEAN-UP,,,32:52.6,0,NULL,no,NULL,NULL
470,215286,CLEAN-UP,,,32:52.6,0,NULL,no,NULL,NULL
471,215522,CLEAN-UP,,,32:52.6,0,NULL,no,NULL,NULL
472,215556,CLEAN-UP,,,32:52.6,0,NULL,no,NULL,NULL
473,215745,CLEAN-UP,,,32:52.6,0,NULL,no,NULL,NULL
474,215835,CLEAN-UP,,,32:52.6,0,NULL,no,NULL,NULL
475,215929,CLEAN-UP,,,32:52.6,0,NULL,no,NULL,NULL
476,216153,CLEAN-UP,,,32:52.6,0,NULL,no,NULL,NULL
477,216261,CLEAN-UP,,,32:52.6,0,NULL,no,NULL,NULL
478,216269,CLEAN-UP,,,32:52.6,0,NULL,no,NULL,NULL
479,216463,CLEAN-UP,,,32:52.6,0,NULL,no,NULL,NULL
480,216580,CLEAN-UP,,,32:52.6,0,NULL,no,NULL,NULL
481,216616,CLEAN-UP,,,32:52.6,0,NULL,no,NULL,NULL
482,216682,CLEAN-UP,,,32:52.6,0,NULL,no,NULL,NULL
483,216783,CLEAN-UP,,,32:52.6,0,NULL,no,NULL,NULL
484,216805,CLEAN-UP,,,32:52.6,0,NULL,no,NULL,NULL
485,216874,CLEAN-UP,,,32:52.6,0,NULL,no,NULL,NULL
486,217057,CLEAN-UP,,,32:52.6,0,NULL,no,NULL,NULL
487,217069,CLEAN-UP,,,32:52.6,0,NULL,no,NULL,NULL
488,217206,CLEAN-UP,,,32:52.6,0,NULL,no,NULL,NULL
489,217207,CLEAN-UP,,,32:52.6,0,NULL,no,NULL,NULL
490,217408,CLEAN-UP,,,32:52.7,0,NULL,no,NULL,NULL
491,217456,CLEAN-UP,,,32:52.7,0,NULL,no,NULL,NULL
492,217464,CLEAN-UP,,,32:52.7,0,NULL,no,NULL,NULL
493,217779,CLEAN-UP,,,32:52.7,0,NULL,no,NULL,NULL
494,218061,CLEAN-UP,,,32:52.7,0,NULL,no,NULL,NULL
495,218097,CLEAN-UP,,,32:52.7,0,NULL,no,NULL,NULL
496,218302,CLEAN-UP,,,32:52.7,0,NULL,no,NULL,NULL
497,218424,CLEAN-UP,,,32:52.7,0,NULL,no,NULL,NULL
498,218501,CLEAN-UP,,,32:52.7,0,NULL,no,NULL,NULL
499,218821,CLEAN-UP,,,32:52.7,0,NULL,no,NULL,NULL
500,218829,CLEAN-UP,,,32:52.7,0,NULL,no,NULL,NULL
501,218900,CLEAN-UP,,,32:52.7,0,NULL,no,NULL,NULL
502,219035,CLEAN-UP,,,32:52.7,0,NULL,no,NULL,NULL
503,219147,CLEAN-UP,,,32:52.7,0,NULL,no,NULL,NULL
504,219171,CLEAN-UP,,,32:52.7,0,NULL,no,NULL,NULL
505,219201,CLEAN-UP,,,32:52.7,0,NULL,no,NULL,NULL
506,219494,CLEAN-UP,,,32:52.7,0,NULL,no,NULL,NULL
507,219609,CLEAN-UP,,,32:52.7,0,NULL,no,NULL,NULL
508,219627,CLEAN-UP,,,32:52.7,0,NULL,no,NULL,NULL
509,219791,CLEAN-UP,,,32:52.7,0,NULL,no,NULL,NULL
510,219797,CLEAN-UP,,,32:52.7,0,NULL,no,NULL,NULL
511,220039,CLEAN-UP,,,32:52.7,0,NULL,no,NULL,NULL
512,220050,CLEAN-UP,,,32:52.7,0,NULL,no,NULL,NULL
513,220119,CLEAN-UP,,,32:52.7,0,NULL,no,NULL,NULL
514,220145,CLEAN-UP,,,32:52.7,0,NULL,no,NULL,NULL
515,220243,CLEAN-UP,,,32:52.7,0,NULL,no,NULL,NULL
516,220407,CLEAN-UP,,,32:52.7,0,NULL,no,NULL,NULL
517,220408,CLEAN-UP,,,32:52.7,0,NULL,no,NULL,NULL
518,220434,CLEAN-UP,,,32:52.7,0,NULL,no,NULL,NULL
519,220548,CLEAN-UP,,,32:52.7,0,NULL,no,NULL,NULL
520,220682,CLEAN-UP,,,32:52.7,0,NULL,no,NULL,NULL
521,220687,CLEAN-UP,,,32:52.7,0,NULL,no,NULL,NULL
522,220700,CLEAN-UP,,,32:52.7,0,NULL,no,NULL,NULL
523,220707,CLEAN-UP,,,32:52.7,0,NULL,no,NULL,NULL
524,220757,CLEAN-UP,,,32:52.7,0,NULL,no,NULL,NULL
525,220837,CLEAN-UP,,,32:52.7,0,NULL,no,NULL,NULL
526,221126,CLEAN-UP,,,32:52.7,0,NULL,no,NULL,NULL
527,221164,CLEAN-UP,,,32:52.7,0,NULL,no,NULL,NULL
528,221236,CLEAN-UP,,,32:52.7,0,NULL,no,NULL,NULL
529,221243,CLEAN-UP,,,32:52.7,0,NULL,no,NULL,NULL
530,221278,CLEAN-UP,,,32:52.7,0,NULL,no,NULL,NULL
531,221339,CLEAN-UP,,,32:52.7,0,NULL,no,NULL,NULL
532,221399,CLEAN-UP,,,32:52.7,0,NULL,no,NULL,NULL
533,221566,CLEAN-UP,,,32:52.7,0,NULL,no,NULL,NULL
534,221592,CLEAN-UP,,,32:52.7,0,NULL,no,NULL,NULL
535,221729,CLEAN-UP,,,32:52.7,0,NULL,no,NULL,NULL
536,221731,CLEAN-UP,,,32:52.7,0,NULL,no,NULL,NULL
537,221858,CLEAN-UP,,,32:52.7,0,NULL,no,NULL,NULL
538,221881,CLEAN-UP,,,32:52.7,0,NULL,no,NULL,NULL
539,221909,CLEAN-UP,,,32:52.7,0,NULL,no,NULL,NULL
540,221941,CLEAN-UP,,,32:52.7,0,NULL,no,NULL,NULL
541,221980,CLEAN-UP,,,32:52.7,0,NULL,no,NULL,NULL
542,222056,CLEAN-UP,,,32:52.7,0,NULL,no,NULL,NULL
543,222341,CLEAN-UP,,,32:52.7,0,NULL,no,NULL,NULL
544,222408,CLEAN-UP,,,32:52.7,0,NULL,no,NULL,NULL
545,222495,CLEAN-UP,,,32:52.7,0,NULL,no,NULL,NULL
546,222591,CLEAN-UP,,,32:52.7,0,NULL,no,NULL,NULL
547,222746,CLEAN-UP,,,32:52.7,0,NULL,no,NULL,NULL
548,222765,CLEAN-UP,,,32:52.7,0,NULL,no,NULL,NULL
549,222864,CLEAN-UP,,,32:52.7,0,NULL,no,NULL,NULL
550,222934,CLEAN-UP,,,32:52.7,0,NULL,no,NULL,NULL
551,222946,CLEAN-UP,,,32:52.7,0,NULL,no,NULL,NULL
552,223075,CLEAN-UP,,,32:52.7,0,NULL,no,NULL,NULL
553,223099,CLEAN-UP,,,32:52.7,0,NULL,no,NULL,NULL
554,223141,CLEAN-UP,,,32:52.7,0,NULL,no,NULL,NULL
555,223234,CLEAN-UP,,,32:52.7,0,NULL,no,NULL,NULL
556,223302,CLEAN-UP,,,32:52.7,0,NULL,no,NULL,NULL
557,223424,CLEAN-UP,,,32:52.7,0,NULL,no,NULL,NULL
558,223426,CLEAN-UP,,,32:52.7,0,NULL,no,NULL,NULL
559,223538,CLEAN-UP,,,32:52.7,0,NULL,no,NULL,NULL
560,223557,CLEAN-UP,,,32:52.7,0,NULL,no,NULL,NULL
561,223686,CLEAN-UP,,,32:52.7,0,NULL,no,NULL,NULL
562,223789,CLEAN-UP,,,32:52.7,0,NULL,no,NULL,NULL
563,223804,CLEAN-UP,,,32:52.7,0,NULL,no,NULL,NULL
564,223851,CLEAN-UP,,,32:52.7,0,NULL,no,NULL,NULL
565,223865,CLEAN-UP,,,32:52.7,0,NULL,no,NULL,NULL
566,223978,CLEAN-UP,,,32:52.7,0,NULL,no,NULL,NULL
567,224062,CLEAN-UP,,,32:52.7,0,NULL,no,NULL,NULL
568,224095,CLEAN-UP,,,32:52.7,0,NULL,no,NULL,NULL
569,224128,CLEAN-UP,,,32:52.7,0,NULL,no,NULL,NULL
570,224229,CLEAN-UP,,,32:52.7,0,NULL,no,NULL,NULL
571,224236,CLEAN-UP,,,32:52.7,0,NULL,no,NULL,NULL
572,224280,CLEAN-UP,,,32:52.7,0,NULL,no,NULL,NULL
573,224312,CLEAN-UP,,,32:52.7,0,NULL,no,NULL,NULL
574,224564,CLEAN-UP,,,32:52.7,0,NULL,no,NULL,NULL
575,224606,CLEAN-UP,,,32:52.7,0,NULL,no,NULL,NULL
576,224620,CLEAN-UP,,,32:52.7,0,NULL,no,NULL,NULL
577,224673,CLEAN-UP,,,32:52.7,0,NULL,no,NULL,NULL
578,224732,CLEAN-UP,,,32:52.7,0,NULL,no,NULL,NULL
579,224745,CLEAN-UP,,,32:52.7,0,NULL,no,NULL,NULL
580,224781,CLEAN-UP,,,32:52.7,0,NULL,no,NULL,NULL
581,224827,CLEAN-UP,,,32:52.7,0,NULL,no,NULL,NULL
582,224886,CLEAN-UP,,,32:52.7,0,NULL,no,NULL,NULL
583,224890,CLEAN-UP,,,32:52.7,0,NULL,no,NULL,NULL
584,225054,CLEAN-UP,,,32:52.7,0,NULL,no,NULL,NULL
585,225085,CLEAN-UP,,,32:52.7,0,NULL,no,NULL,NULL
586,225208,CLEAN-UP,,,32:52.7,0,NULL,no,NULL,NULL
587,225291,CLEAN-UP,,,32:52.7,0,NULL,no,NULL,NULL
588,225316,CLEAN-UP,,,32:52.7,0,NULL,no,NULL,NULL
589,225355,CLEAN-UP,,,32:52.7,0,NULL,no,NULL,NULL
590,225431,CLEAN-UP,,,32:52.7,0,NULL,no,NULL,NULL
591,225628,CLEAN-UP,,,32:52.7,0,NULL,no,NULL,NULL
592,225662,CLEAN-UP,,,32:52.7,0,NULL,no,NULL,NULL
593,225724,CLEAN-UP,,,32:52.7,0,NULL,no,NULL,NULL
594,225914,CLEAN-UP,,,32:52.7,0,NULL,no,NULL,NULL
595,226001,CLEAN-UP,,,32:52.7,0,NULL,no,NULL,NULL
596,226074,CLEAN-UP,,,32:52.7,0,NULL,no,NULL,NULL
597,226123,CLEAN-UP,,,32:52.7,0,NULL,no,NULL,NULL
598,226183,CLEAN-UP,,,32:52.7,0,NULL,no,NULL,NULL
599,226275,CLEAN-UP,,,32:52.7,0,NULL,no,NULL,NULL
600,226278,CLEAN-UP,,,32:52.7,0,NULL,no,NULL,NULL
601,226297,CLEAN-UP,,,32:52.7,0,NULL,no,NULL,NULL
602,226318,CLEAN-UP,,,32:52.7,0,NULL,no,NULL,NULL
603,226339,CLEAN-UP,,,32:52.7,0,NULL,no,NULL,NULL
604,226385,CLEAN-UP,,,32:52.7,0,NULL,no,NULL,NULL
605,226453,CLEAN-UP,,,32:52.7,0,NULL,no,NULL,NULL
606,226483,CLEAN-UP,,,32:52.7,0,NULL,no,NULL,NULL
607,226538,CLEAN-UP,,,32:52.7,0,NULL,no,NULL,NULL
608,226673,CLEAN-UP,,,32:52.7,0,NULL,no,NULL,NULL
609,226923,CLEAN-UP,,,32:52.7,0,NULL,no,NULL,NULL
610,227068,CLEAN-UP,,,32:52.7,0,NULL,no,NULL,NULL
611,227102,CLEAN-UP,,,32:52.7,0,NULL,no,NULL,NULL
612,227132,CLEAN-UP,,,32:52.7,0,NULL,no,NULL,NULL
613,227158,CLEAN-UP,,,32:52.7,0,NULL,no,NULL,NULL
614,227366,CLEAN-UP,,,32:52.7,0,NULL,no,NULL,NULL
615,227376,CLEAN-UP,,,32:52.7,0,NULL,no,NULL,NULL
616,227392,CLEAN-UP,,,32:52.7,0,NULL,no,NULL,NULL
617,227455,CLEAN-UP,,,32:52.7,0,NULL,no,NULL,NULL
618,227471,CLEAN-UP,,,32:52.7,0,NULL,no,NULL,NULL
619,227545,CLEAN-UP,,,32:52.7,0,NULL,no,NULL,NULL
620,227596,CLEAN-UP,,,32:52.7,0,NULL,no,NULL,NULL
621,227653,CLEAN-UP,,,32:52.7,0,NULL,no,NULL,NULL
622,227823,CLEAN-UP,,,32:52.7,0,NULL,no,NULL,NULL
623,227939,CLEAN-UP,,,32:52.7,0,NULL,no,NULL,NULL
624,228023,CLEAN-UP,,,32:52.7,0,NULL,no,NULL,NULL
625,228085,CLEAN-UP,,,32:52.7,0,NULL,no,NULL,NULL
626,228124,CLEAN-UP,,,32:52.7,0,NULL,no,NULL,NULL
627,228132,CLEAN-UP,,,32:52.7,0,NULL,no,NULL,NULL
628,228274,CLEAN-UP,,,32:52.7,0,NULL,no,NULL,NULL
629,228326,CLEAN-UP,,,32:52.7,0,NULL,no,NULL,NULL
630,228366,CLEAN-UP,,,32:52.7,0,NULL,no,NULL,NULL
631,228392,CLEAN-UP,,,32:52.7,0,NULL,no,NULL,NULL
632,228406,CLEAN-UP,,,32:52.7,0,NULL,no,NULL,NULL
633,228433,CLEAN-UP,,,32:52.7,0,NULL,no,NULL,NULL
634,228650,CLEAN-UP,,,32:52.7,0,NULL,no,NULL,NULL
635,228748,CLEAN-UP,,,32:52.7,0,NULL,no,NULL,NULL
636,228888,CLEAN-UP,,,32:52.7,0,NULL,no,NULL,NULL
637,229055,CLEAN-UP,,,32:52.7,0,NULL,no,NULL,NULL
638,229161,CLEAN-UP,,,32:52.7,0,NULL,no,NULL,NULL
639,229178,CLEAN-UP,,,32:52.7,0,NULL,no,NULL,NULL
640,229214,CLEAN-UP,,,32:52.7,0,NULL,no,NULL,NULL
641,229252,CLEAN-UP,,,32:52.7,0,NULL,no,NULL,NULL
642,229357,CLEAN-UP,,,32:52.7,0,NULL,no,NULL,NULL
643,229550,CLEAN-UP,,,32:52.7,0,NULL,no,NULL,NULL
644,229573,CLEAN-UP,,,32:52.7,0,NULL,no,NULL,NULL
645,229710,CLEAN-UP,,,32:52.7,0,NULL,no,NULL,NULL
646,229717,CLEAN-UP,,,32:52.7,0,NULL,no,NULL,NULL
647,229719,CLEAN-UP,,,32:52.7,0,NULL,no,NULL,NULL
648,229720,CLEAN-UP,,,32:52.7,0,NULL,no,NULL,NULL
649,229761,CLEAN-UP,,,32:52.7,0,NULL,no,NULL,NULL
650,229922,CLEAN-UP,,,32:52.7,0,NULL,no,NULL,NULL
651,229965,CLEAN-UP,,,32:52.7,0,NULL,no,NULL,NULL
652,229971,CLEAN-UP,,,32:52.7,0,NULL,no,NULL,NULL
653,230010,CLEAN-UP,,,32:52.7,0,NULL,no,NULL,NULL
654,230044,CLEAN-UP,,,32:52.7,0,NULL,no,NULL,NULL
655,230099,CLEAN-UP,,,32:52.7,0,NULL,no,NULL,NULL
656,230101,CLEAN-UP,,,32:52.7,0,NULL,no,NULL,NULL
657,230133,CLEAN-UP,,,32:52.7,0,NULL,no,NULL,NULL
658,230135,CLEAN-UP,,,32:52.7,0,NULL,no,NULL,NULL
659,230137,CLEAN-UP,,,32:52.7,0,NULL,no,NULL,NULL
660,230139,CLEAN-UP,,,32:52.7,0,NULL,no,NULL,NULL
661,230596,CLEAN-UP,,,32:52.7,0,NULL,no,NULL,NULL
662,230628,CLEAN-UP,,,32:52.7,0,NULL,no,NULL,NULL
663,230650,CLEAN-UP,,,32:52.7,0,NULL,no,NULL,NULL
664,230793,CLEAN-UP,,,32:52.7,0,NULL,no,NULL,NULL
665,230874,CLEAN-UP,,,32:52.7,0,NULL,no,NULL,NULL
666,230930,CLEAN-UP,,,32:52.7,0,NULL,no,NULL,NULL
667,230947,CLEAN-UP,,,32:52.7,0,NULL,no,NULL,NULL
668,230986,CLEAN-UP,,,32:52.7,0,NULL,no,NULL,NULL
669,231126,CLEAN-UP,,,32:52.7,0,NULL,no,NULL,NULL
670,231261,CLEAN-UP,,,32:52.7,0,NULL,no,NULL,NULL
671,231279,CLEAN-UP,,,32:52.7,0,NULL,no,NULL,NULL
672,231294,CLEAN-UP,,,32:52.7,0,NULL,no,NULL,NULL
673,231306,CLEAN-UP,,,32:52.7,0,NULL,no,NULL,NULL
674,231327,CLEAN-UP,,,32:52.7,0,NULL,no,NULL,NULL
675,231354,CLEAN-UP,,,32:52.7,0,NULL,no,NULL,NULL
676,231419,CLEAN-UP,,,32:52.7,0,NULL,no,NULL,NULL
677,231427,CLEAN-UP,,,32:52.7,0,NULL,no,NULL,NULL
678,231440,CLEAN-UP,,,32:52.7,0,NULL,no,NULL,NULL
679,231511,CLEAN-UP,,,32:52.7,0,NULL,no,NULL,NULL
680,231581,CLEAN-UP,,,32:52.7,0,NULL,no,NULL,NULL
681,231609,CLEAN-UP,,,32:52.7,0,NULL,no,NULL,NULL
682,231748,CLEAN-UP,,,32:52.7,0,NULL,no,NULL,NULL
683,231769,CLEAN-UP,,,32:52.7,0,NULL,no,NULL,NULL
684,231997,CLEAN-UP,,,32:52.7,0,NULL,no,NULL,NULL
685,232025,CLEAN-UP,,,32:52.7,0,NULL,no,NULL,NULL
686,232134,CLEAN-UP,,,32:52.7,0,NULL,no,NULL,NULL
687,232186,CLEAN-UP,,,32:52.7,0,NULL,no,NULL,NULL
688,232300,CLEAN-UP,,,32:52.7,0,NULL,no,NULL,NULL
689,232427,CLEAN-UP,,,32:52.7,0,NULL,no,NULL,NULL
690,232515,CLEAN-UP,,,32:52.7,0,NULL,no,NULL,NULL
691,232708,CLEAN-UP,,,32:52.7,0,NULL,no,NULL,NULL
692,232727,CLEAN-UP,,,32:52.7,0,NULL,no,NULL,NULL
693,232729,CLEAN-UP,,,32:52.7,0,NULL,no,NULL,NULL
694,232781,CLEAN-UP,,,32:52.7,0,NULL,no,NULL,NULL
695,232855,CLEAN-UP,,,32:52.7,0,NULL,no,NULL,NULL
696,232941,CLEAN-UP,,,32:52.7,0,NULL,no,NULL,NULL
697,232972,CLEAN-UP,,,32:52.7,0,NULL,no,NULL,NULL
698,233245,CLEAN-UP,,,32:52.7,0,NULL,no,NULL,NULL
699,233255,CLEAN-UP,,,32:52.7,0,NULL,no,NULL,NULL
700,233275,CLEAN-UP,,,32:52.7,0,NULL,no,NULL,NULL
701,233310,CLEAN-UP,,,32:52.7,0,NULL,no,NULL,NULL
702,233403,CLEAN-UP,,,32:52.7,0,NULL,no,NULL,NULL
703,233404,CLEAN-UP,,,32:52.7,0,NULL,no,NULL,NULL
704,233412,CLEAN-UP,,,32:52.7,0,NULL,no,NULL,NULL
705,233418,CLEAN-UP,,,32:52.7,0,NULL,no,NULL,NULL
706,233450,CLEAN-UP,,,32:52.7,0,NULL,no,NULL,NULL
707,233573,CLEAN-UP,,,32:52.7,0,NULL,no,NULL,NULL
708,233586,CLEAN-UP,,,32:52.7,0,NULL,no,NULL,NULL
709,233686,CLEAN-UP,,,32:52.7,0,NULL,no,NULL,NULL
710,233688,CLEAN-UP,,,32:52.7,0,NULL,no,NULL,NULL
711,233744,CLEAN-UP,,,32:52.7,0,NULL,no,NULL,NULL
712,233822,CLEAN-UP,,,32:52.7,0,NULL,no,NULL,NULL
713,233841,CLEAN-UP,,,32:52.7,0,NULL,no,NULL,NULL
714,233971,CLEAN-UP,,,32:52.7,0,NULL,no,NULL,NULL
715,234218,CLEAN-UP,,,32:52.7,0,NULL,no,NULL,NULL
716,234227,CLEAN-UP,,,32:52.7,0,NULL,no,NULL,NULL
717,234238,CLEAN-UP,,,32:52.7,0,NULL,no,NULL,NULL
718,234258,CLEAN-UP,,,32:52.7,0,NULL,no,NULL,NULL
719,234358,CLEAN-UP,,,32:52.7,0,NULL,no,NULL,NULL
720,234370,CLEAN-UP,,,32:52.7,0,NULL,no,NULL,NULL
721,234486,CLEAN-UP,,,32:52.7,0,NULL,no,NULL,NULL
722,234495,CLEAN-UP,,,32:52.7,0,NULL,no,NULL,NULL
723,234629,CLEAN-UP,,,32:52.7,0,NULL,no,NULL,NULL
724,234669,CLEAN-UP,,,32:52.7,0,NULL,no,NULL,NULL
725,234772,CLEAN-UP,,,32:52.7,0,NULL,no,NULL,NULL
726,234801,CLEAN-UP,,,32:52.7,0,NULL,no,NULL,NULL
727,234822,CLEAN-UP,,,32:52.7,0,NULL,no,NULL,NULL
728,234831,CLEAN-UP,,,32:52.7,0,NULL,no,NULL,NULL
729,234851,CLEAN-UP,,,32:52.7,0,NULL,no,NULL,NULL
730,234974,CLEAN-UP,,,32:52.7,0,NULL,no,NULL,NULL
731,235028,CLEAN-UP,,,32:52.7,0,NULL,no,NULL,NULL
732,235051,CLEAN-UP,,,32:52.7,0,NULL,no,NULL,NULL
733,235077,CLEAN-UP,,,32:52.7,0,NULL,no,NULL,NULL
734,235083,CLEAN-UP,,,32:52.7,0,NULL,no,NULL,NULL
735,235086,CLEAN-UP,,,32:52.7,0,NULL,no,NULL,NULL
736,235097,CLEAN-UP,,,32:52.7,0,NULL,no,NULL,NULL
737,235180,CLEAN-UP,,,32:52.7,0,NULL,no,NULL,NULL
738,235264,CLEAN-UP,,,32:52.7,0,NULL,no,NULL,NULL
739,235427,CLEAN-UP,,,32:52.7,0,NULL,no,NULL,NULL
740,235481,CLEAN-UP,,,32:52.7,0,NULL,no,NULL,NULL
741,235564,CLEAN-UP,,,32:52.7,0,NULL,no,NULL,NULL
742,235585,CLEAN-UP,,,32:52.7,0,NULL,no,NULL,NULL
743,235701,CLEAN-UP,,,32:52.7,0,NULL,no,NULL,NULL
744,235802,CLEAN-UP,,,32:52.7,0,NULL,no,NULL,NULL
745,235880,CLEAN-UP,,,32:52.7,0,NULL,no,NULL,NULL
746,236033,CLEAN-UP,,,32:52.7,0,NULL,no,NULL,NULL
747,236041,CLEAN-UP,,,32:52.7,0,NULL,no,NULL,NULL
748,236143,CLEAN-UP,,,32:52.7,0,NULL,no,NULL,NULL
749,236176,CLEAN-UP,,,32:52.7,0,NULL,no,NULL,NULL
750,236216,CLEAN-UP,,,32:52.7,0,NULL,no,NULL,NULL
751,236258,CLEAN-UP,,,32:52.7,0,NULL,no,NULL,NULL
752,236262,CLEAN-UP,,,32:52.7,0,NULL,no,NULL,NULL
753,236460,CLEAN-UP,,,32:52.7,0,NULL,no,NULL,NULL
754,236522,CLEAN-UP,,,32:52.7,0,NULL,no,NULL,NULL
755,236542,CLEAN-UP,,,32:52.7,0,NULL,no,NULL,NULL
756,236625,CLEAN-UP,,,32:52.7,0,NULL,no,NULL,NULL
757,236641,CLEAN-UP,,,32:52.7,0,NULL,no,NULL,NULL
758,236680,CLEAN-UP,,,32:52.7,0,NULL,no,NULL,NULL
759,236688,CLEAN-UP,,,32:52.7,0,NULL,no,NULL,NULL
760,236699,CLEAN-UP,,,32:52.7,0,NULL,no,NULL,NULL
761,236736,CLEAN-UP,,,32:52.7,0,NULL,no,NULL,NULL
762,236820,CLEAN-UP,,,32:52.7,0,NULL,no,NULL,NULL
763,236881,CLEAN-UP,,,32:52.7,0,NULL,no,NULL,NULL
764,236895,CLEAN-UP,,,32:52.7,0,NULL,no,NULL,NULL
765,236917,CLEAN-UP,,,32:52.7,0,NULL,no,NULL,NULL
766,236993,CLEAN-UP,,,32:52.7,0,NULL,no,NULL,NULL
767,237122,CLEAN-UP,,,32:52.7,0,NULL,no,NULL,NULL
768,237146,CLEAN-UP,,,32:52.7,0,NULL,no,NULL,NULL
769,237181,CLEAN-UP,,,32:52.7,0,NULL,no,NULL,NULL
770,237227,CLEAN-UP,,,32:52.7,0,NULL,no,NULL,NULL
771,237252,CLEAN-UP,,,32:52.7,0,NULL,no,NULL,NULL
772,237292,CLEAN-UP,,,32:52.7,0,NULL,no,NULL,NULL
773,237459,CLEAN-UP,,,32:52.7,0,NULL,no,NULL,NULL
774,237468,CLEAN-UP,,,32:52.7,0,NULL,no,NULL,NULL
775,237469,CLEAN-UP,,,32:52.7,0,NULL,no,NULL,NULL
776,237491,CLEAN-UP,,,32:52.7,0,NULL,no,NULL,NULL
777,237541,CLEAN-UP,,,32:52.7,0,NULL,no,NULL,NULL
778,237585,CLEAN-UP,,,32:52.7,0,NULL,no,NULL,NULL
779,237598,CLEAN-UP,,,32:52.7,0,NULL,no,NULL,NULL
780,238019,CLEAN-UP,,,32:52.7,0,NULL,no,NULL,NULL
781,238050,CLEAN-UP,,,32:52.7,0,NULL,no,NULL,NULL
782,238063,CLEAN-UP,,,32:52.7,0,NULL,no,NULL,NULL
783,238144,CLEAN-UP,,,32:52.7,0,NULL,no,NULL,NULL
784,238157,CLEAN-UP,,,32:52.7,0,NULL,no,NULL,NULL
785,238189,CLEAN-UP,,,32:52.7,0,NULL,no,NULL,NULL
786,238213,CLEAN-UP,,,32:52.7,0,NULL,no,NULL,NULL
787,238216,CLEAN-UP,,,32:52.7,0,NULL,no,NULL,NULL
788,238220,CLEAN-UP,,,32:52.7,0,NULL,no,NULL,NULL
789,238222,CLEAN-UP,,,32:52.7,0,NULL,no,NULL,NULL
790,238276,CLEAN-UP,,,32:52.7,0,NULL,no,NULL,NULL
791,238295,CLEAN-UP,,,32:52.7,0,NULL,no,NULL,NULL
792,238407,CLEAN-UP,,,32:52.7,0,NULL,no,NULL,NULL
793,238417,CLEAN-UP,,,32:52.7,0,NULL,no,NULL,NULL
794,238437,CLEAN-UP,,,32:52.7,0,NULL,no,NULL,NULL
795,238457,CLEAN-UP,,,32:52.7,0,NULL,no,NULL,NULL
796,238479,CLEAN-UP,,,32:52.7,0,NULL,no,NULL,NULL
797,238501,CLEAN-UP,,,32:52.7,0,NULL,no,NULL,NULL
798,238584,CLEAN-UP,,,32:52.7,0,NULL,no,NULL,NULL
799,238631,CLEAN-UP,,,32:52.7,0,NULL,no,NULL,NULL
800,238647,CLEAN-UP,,,32:52.7,0,NULL,no,NULL,NULL
801,238655,CLEAN-UP,,,32:52.7,0,NULL,no,NULL,NULL
802,238713,CLEAN-UP,,,32:52.7,0,NULL,no,NULL,NULL
803,238817,CLEAN-UP,,,32:52.7,0,NULL,no,NULL,NULL
804,238866,CLEAN-UP,,,32:52.7,0,NULL,no,NULL,NULL
805,238972,CLEAN-UP,,,32:52.7,0,NULL,no,NULL,NULL
806,239021,CLEAN-UP,,,32:52.7,0,NULL,no,NULL,NULL
807,239031,CLEAN-UP,,,32:52.7,0,NULL,no,NULL,NULL
808,239165,CLEAN-UP,,,32:52.7,0,NULL,no,NULL,NULL
809,239196,CLEAN-UP,,,32:52.7,0,NULL,no,NULL,NULL
810,239215,CLEAN-UP,,,32:52.7,0,NULL,no,NULL,NULL
811,239241,CLEAN-UP,,,32:52.7,0,NULL,no,NULL,NULL
812,239275,CLEAN-UP,,,32:52.7,0,NULL,no,NULL,NULL
813,239355,CLEAN-UP,,,32:52.7,0,NULL,no,NULL,NULL
814,239418,CLEAN-UP,,,32:52.7,0,NULL,no,NULL,NULL
815,239501,CLEAN-UP,,,32:52.7,0,NULL,no,NULL,NULL
816,239506,CLEAN-UP,,,32:52.7,0,NULL,no,NULL,NULL
817,239558,CLEAN-UP,,,32:52.7,0,NULL,no,NULL,NULL
818,239560,CLEAN-UP,,,32:52.7,0,NULL,no,NULL,NULL
819,239617,CLEAN-UP,,,32:52.7,0,NULL,no,NULL,NULL
820,239627,CLEAN-UP,,,32:52.7,0,NULL,no,NULL,NULL
821,239634,CLEAN-UP,,,32:52.7,0,NULL,no,NULL,NULL
822,239637,CLEAN-UP,,,32:52.7,0,NULL,no,NULL,NULL
823,239645,CLEAN-UP,,,32:52.7,0,NULL,no,NULL,NULL
824,239660,CLEAN-UP,,,32:52.7,0,NULL,no,NULL,NULL
825,239732,CLEAN-UP,,,32:52.7,0,NULL,no,NULL,NULL
826,239815,CLEAN-UP,,,32:52.7,0,NULL,no,NULL,NULL
827,239834,CLEAN-UP,,,32:52.7,0,NULL,no,NULL,NULL
828,239895,CLEAN-UP,,,32:52.7,0,NULL,no,NULL,NULL
829,239971,CLEAN-UP,,,32:52.7,0,NULL,no,NULL,NULL
830,239995,CLEAN-UP,,,32:52.7,0,NULL,no,NULL,NULL
831,240009,CLEAN-UP,,,32:52.7,0,NULL,no,NULL,NULL
832,240081,CLEAN-UP,,,32:52.7,0,NULL,no,NULL,NULL
833,240110,CLEAN-UP,,,32:52.7,0,NULL,no,NULL,NULL
834,240113,CLEAN-UP,,,32:52.7,0,NULL,no,NULL,NULL
835,240126,CLEAN-UP,,,32:52.7,0,NULL,no,NULL,NULL
836,240135,CLEAN-UP,,,32:52.7,0,NULL,no,NULL,NULL
837,240246,CLEAN-UP,,,32:52.7,0,NULL,no,NULL,NULL
838,240299,CLEAN-UP,,,32:52.8,0,NULL,no,NULL,NULL
839,240307,CLEAN-UP,,,32:52.8,0,NULL,no,NULL,NULL
840,240322,CLEAN-UP,,,32:52.8,0,NULL,no,NULL,NULL
841,240370,CLEAN-UP,,,32:52.8,0,NULL,no,NULL,NULL
842,240390,CLEAN-UP,,,32:52.8,0,NULL,no,NULL,NULL
843,240439,CLEAN-UP,,,32:52.8,0,NULL,no,NULL,NULL
844,240466,CLEAN-UP,,,32:52.8,0,NULL,no,NULL,NULL
845,240479,CLEAN-UP,,,32:52.8,0,NULL,no,NULL,NULL
846,240486,CLEAN-UP,,,32:52.8,0,NULL,no,NULL,NULL
847,240578,CLEAN-UP,,,32:52.8,0,NULL,no,NULL,NULL
848,240586,CLEAN-UP,,,32:52.8,0,NULL,no,NULL,NULL
849,240654,CLEAN-UP,,,32:52.8,0,NULL,no,NULL,NULL
850,240669,CLEAN-UP,,,32:52.8,0,NULL,no,NULL,NULL
851,240676,CLEAN-UP,,,32:52.8,0,NULL,no,NULL,NULL
852,240681,CLEAN-UP,,,32:52.8,0,NULL,no,NULL,NULL
853,240701,CLEAN-UP,,,32:52.8,0,NULL,no,NULL,NULL
854,240798,CLEAN-UP,,,32:52.8,0,NULL,no,NULL,NULL
855,240815,CLEAN-UP,,,32:52.8,0,NULL,no,NULL,NULL
856,240879,CLEAN-UP,,,32:52.8,0,NULL,no,NULL,NULL
857,240893,CLEAN-UP,,,32:52.8,0,NULL,no,NULL,NULL
858,240947,CLEAN-UP,,,32:52.8,0,NULL,no,NULL,NULL
859,240967,CLEAN-UP,,,32:52.8,0,NULL,no,NULL,NULL
860,241087,CLEAN-UP,,,32:52.8,0,NULL,no,NULL,NULL
861,241302,CLEAN-UP,,,32:52.8,0,NULL,no,NULL,NULL
862,241306,CLEAN-UP,,,32:52.8,0,NULL,no,NULL,NULL
863,241350,CLEAN-UP,,,32:52.8,0,NULL,no,NULL,NULL
864,241357,CLEAN-UP,,,32:52.8,0,NULL,no,NULL,NULL
865,241366,CLEAN-UP,,,32:52.8,0,NULL,no,NULL,NULL
866,241554,CLEAN-UP,,,32:52.8,0,NULL,no,NULL,NULL
867,241611,CLEAN-UP,,,32:52.8,0,NULL,no,NULL,NULL
868,241628,CLEAN-UP,,,32:52.8,0,NULL,no,NULL,NULL
869,241650,CLEAN-UP,,,32:52.8,0,NULL,no,NULL,NULL
870,241711,CLEAN-UP,,,32:52.8,0,NULL,no,NULL,NULL
871,241730,CLEAN-UP,,,32:52.8,0,NULL,no,NULL,NULL
872,241760,CLEAN-UP,,,32:52.8,0,NULL,no,NULL,NULL
873,241795,CLEAN-UP,,,32:52.8,0,NULL,no,NULL,NULL
874,241826,CLEAN-UP,,,32:52.8,0,NULL,no,NULL,NULL
875,241830,CLEAN-UP,,,32:52.8,0,NULL,no,NULL,NULL
876,241850,CLEAN-UP,,,32:52.8,0,NULL,no,NULL,NULL
877,241858,CLEAN-UP,,,32:52.8,0,NULL,no,NULL,NULL
878,241894,CLEAN-UP,,,32:52.8,0,NULL,no,NULL,NULL
879,241931,CLEAN-UP,,,32:52.8,0,NULL,no,NULL,NULL
880,241996,CLEAN-UP,,,32:52.8,0,NULL,no,NULL,NULL
881,242054,CLEAN-UP,,,32:52.8,0,NULL,no,NULL,NULL
882,242145,CLEAN-UP,,,32:52.8,0,NULL,no,NULL,NULL
883,242205,CLEAN-UP,,,32:52.8,0,NULL,no,NULL,NULL
884,242212,CLEAN-UP,,,32:52.8,0,NULL,no,NULL,NULL
885,242245,CLEAN-UP,,,32:52.8,0,NULL,no,NULL,NULL
886,242254,CLEAN-UP,,,32:52.8,0,NULL,no,NULL,NULL
887,242266,CLEAN-UP,,,32:52.8,0,NULL,no,NULL,NULL
888,242276,CLEAN-UP,,,32:52.8,0,NULL,no,NULL,NULL
889,242329,CLEAN-UP,,,32:52.8,0,NULL,no,NULL,NULL
890,242348,CLEAN-UP,,,32:52.8,0,NULL,no,NULL,NULL
891,242354,CLEAN-UP,,,32:52.8,0,NULL,no,NULL,NULL
892,242355,CLEAN-UP,,,32:52.8,0,NULL,no,NULL,NULL
893,242396,CLEAN-UP,,,32:52.8,0,NULL,no,NULL,NULL
894,242412,CLEAN-UP,,,32:52.8,0,NULL,no,NULL,NULL
895,242463,CLEAN-UP,,,32:52.8,0,NULL,no,NULL,NULL
896,242519,CLEAN-UP,,,32:52.8,0,NULL,no,NULL,NULL
897,242562,CLEAN-UP,,,32:52.8,0,NULL,no,NULL,NULL
898,242599,CLEAN-UP,,,32:52.8,0,NULL,no,NULL,NULL
899,242634,CLEAN-UP,,,32:52.8,0,NULL,no,NULL,NULL
900,242637,CLEAN-UP,,,32:52.8,0,NULL,no,NULL,NULL
901,242665,CLEAN-UP,,,32:52.8,0,NULL,no,NULL,NULL
902,242734,CLEAN-UP,,,32:52.8,0,NULL,no,NULL,NULL
903,242838,CLEAN-UP,,,32:52.8,0,NULL,no,NULL,NULL
904,242890,CLEAN-UP,,,32:52.8,0,NULL,no,NULL,NULL
905,242893,CLEAN-UP,,,32:52.8,0,NULL,no,NULL,NULL
906,242899,CLEAN-UP,,,32:52.8,0,NULL,no,NULL,NULL
907,242950,CLEAN-UP,,,32:52.8,0,NULL,no,NULL,NULL
908,242979,CLEAN-UP,,,32:52.8,0,NULL,no,NULL,NULL
909,243041,CLEAN-UP,,,32:52.8,0,NULL,no,NULL,NULL
910,243148,CLEAN-UP,,,32:52.8,0,NULL,no,NULL,NULL
911,243191,CLEAN-UP,,,32:52.8,0,NULL,no,NULL,NULL
912,243206,CLEAN-UP,,,32:52.8,0,NULL,no,NULL,NULL
913,243207,CLEAN-UP,,,32:52.8,0,NULL,no,NULL,NULL
914,243209,CLEAN-UP,,,32:52.8,0,NULL,no,NULL,NULL
915,243257,CLEAN-UP,,,32:52.8,0,NULL,no,NULL,NULL
916,243301,CLEAN-UP,,,32:52.8,0,NULL,no,NULL,NULL
917,243366,CLEAN-UP,,,32:52.8,0,NULL,no,NULL,NULL
918,243407,CLEAN-UP,,,32:52.8,0,NULL,no,NULL,NULL
919,243434,CLEAN-UP,,,32:52.8,0,NULL,no,NULL,NULL
920,243450,CLEAN-UP,,,32:52.8,0,NULL,no,NULL,NULL
921,243474,CLEAN-UP,,,32:52.8,0,NULL,no,NULL,NULL
922,243486,CLEAN-UP,,,32:52.8,0,NULL,no,NULL,NULL
923,243521,CLEAN-UP,,,32:52.8,0,NULL,no,NULL,NULL
924,243530,CLEAN-UP,,,32:52.8,0,NULL,no,NULL,NULL
925,243585,CLEAN-UP,,,32:52.8,0,NULL,no,NULL,NULL
926,243603,CLEAN-UP,,,32:52.8,0,NULL,no,NULL,NULL
927,243721,CLEAN-UP,,,32:52.8,0,NULL,no,NULL,NULL
928,243738,CLEAN-UP,,,32:52.8,0,NULL,no,NULL,NULL
929,243741,CLEAN-UP,,,32:52.8,0,NULL,no,NULL,NULL
930,243780,CLEAN-UP,,,32:52.8,0,NULL,no,NULL,NULL
931,243781,CLEAN-UP,,,32:52.8,0,NULL,no,NULL,NULL
932,243873,CLEAN-UP,,,32:52.8,0,NULL,no,NULL,NULL
933,243923,CLEAN-UP,,,32:52.8,0,NULL,no,NULL,NULL
934,244095,CLEAN-UP,,,32:52.8,0,NULL,no,NULL,NULL
935,244102,CLEAN-UP,,,32:52.8,0,NULL,no,NULL,NULL
936,244142,CLEAN-UP,,,32:52.8,0,NULL,no,NULL,NULL
937,244177,CLEAN-UP,,,32:52.8,0,NULL,no,NULL,NULL
938,244261,CLEAN-UP,,,32:52.8,0,NULL,no,NULL,NULL
939,244281,CLEAN-UP,,,32:52.8,0,NULL,no,NULL,NULL
940,244307,CLEAN-UP,,,32:52.8,0,NULL,no,NULL,NULL
941,244316,CLEAN-UP,,,32:52.8,0,NULL,no,NULL,NULL
942,244380,CLEAN-UP,,,32:52.8,0,NULL,no,NULL,NULL
943,244446,CLEAN-UP,,,32:52.8,0,NULL,no,NULL,NULL
944,244459,CLEAN-UP,,,32:52.8,0,NULL,no,NULL,NULL
945,244462,CLEAN-UP,,,32:52.8,0,NULL,no,NULL,NULL
946,244487,CLEAN-UP,,,32:52.8,0,NULL,no,NULL,NULL
947,244559,CLEAN-UP,,,32:52.8,0,NULL,no,NULL,NULL
948,244560,CLEAN-UP,,,32:52.8,0,NULL,no,NULL,NULL
949,244644,CLEAN-UP,,,32:52.8,0,NULL,no,NULL,NULL
950,244674,CLEAN-UP,,,32:52.8,0,NULL,no,NULL,NULL
951,244695,CLEAN-UP,,,32:52.8,0,NULL,no,NULL,NULL
952,244698,CLEAN-UP,,,32:52.8,0,NULL,no,NULL,NULL
953,244823,CLEAN-UP,,,32:52.8,0,NULL,no,NULL,NULL
954,244842,CLEAN-UP,,,32:52.8,0,NULL,no,NULL,NULL
955,244847,CLEAN-UP,,,32:52.8,0,NULL,no,NULL,NULL
956,244869,CLEAN-UP,,,32:52.8,0,NULL,no,NULL,NULL
957,244870,CLEAN-UP,,,32:52.8,0,NULL,no,NULL,NULL
958,244871,CLEAN-UP,,,32:52.8,0,NULL,no,NULL,NULL
959,244900,CLEAN-UP,,,32:52.8,0,NULL,no,NULL,NULL
960,244929,CLEAN-UP,,,32:52.8,0,NULL,no,NULL,NULL
961,245006,CLEAN-UP,,,32:52.8,0,NULL,no,NULL,NULL
962,245033,CLEAN-UP,,,32:52.8,0,NULL,no,NULL,NULL
963,245065,CLEAN-UP,,,32:52.8,0,NULL,no,NULL,NULL
964,245092,CLEAN-UP,,,32:52.8,0,NULL,no,NULL,NULL
965,245160,CLEAN-UP,,,32:52.8,0,NULL,no,NULL,NULL
966,245191,CLEAN-UP,,,32:52.8,0,NULL,no,NULL,NULL
967,245231,CLEAN-UP,,,32:52.8,0,NULL,no,NULL,NULL
968,245335,CLEAN-UP,,,32:52.8,0,NULL,no,NULL,NULL
969,245387,CLEAN-UP,,,32:52.8,0,NULL,no,NULL,NULL
970,245395,CLEAN-UP,,,32:52.8,0,NULL,no,NULL,NULL
971,245414,CLEAN-UP,,,32:52.8,0,NULL,no,NULL,NULL
972,245438,CLEAN-UP,,,32:52.8,0,NULL,no,NULL,NULL
973,245501,CLEAN-UP,,,32:52.8,0,NULL,no,NULL,NULL
974,245549,CLEAN-UP,,,32:52.8,0,NULL,no,NULL,NULL
975,245562,CLEAN-UP,,,32:52.8,0,NULL,no,NULL,NULL
976,245563,CLEAN-UP,,,32:52.8,0,NULL,no,NULL,NULL
977,245564,CLEAN-UP,,,32:52.8,0,NULL,no,NULL,NULL
978,245566,CLEAN-UP,,,32:52.8,0,NULL,no,NULL,NULL
979,245609,CLEAN-UP,,,32:52.8,0,NULL,no,NULL,NULL
980,245625,CLEAN-UP,,,32:52.8,0,NULL,no,NULL,NULL
981,245639,CLEAN-UP,,,32:52.8,0,NULL,no,NULL,NULL
982,245829,CLEAN-UP,,,32:52.8,0,NULL,no,NULL,NULL
983,245841,CLEAN-UP,,,32:52.8,0,NULL,no,NULL,NULL
984,245842,CLEAN-UP,,,32:52.8,0,NULL,no,NULL,NULL
985,245850,CLEAN-UP,,,32:52.8,0,NULL,no,NULL,NULL
986,245897,CLEAN-UP,,,32:52.8,0,NULL,no,NULL,NULL
987,245945,CLEAN-UP,,,32:52.8,0,NULL,no,NULL,NULL
988,245950,CLEAN-UP,,,32:52.8,0,NULL,no,NULL,NULL
989,245980,CLEAN-UP,,,32:52.8,0,NULL,no,NULL,NULL
990,246114,CLEAN-UP,,,32:52.8,0,NULL,no,NULL,NULL
991,246117,CLEAN-UP,,,32:52.8,0,NULL,no,NULL,NULL
992,246223,CLEAN-UP,,,32:52.8,0,NULL,no,NULL,NULL
993,246281,CLEAN-UP,,,32:52.8,0,NULL,no,NULL,NULL
994,246396,CLEAN-UP,,,32:52.8,0,NULL,no,NULL,NULL
995,246429,CLEAN-UP,,,32:52.8,0,NULL,no,NULL,NULL
996,246471,CLEAN-UP,,,32:52.8,0,NULL,no,NULL,NULL
997,246483,CLEAN-UP,,,32:52.8,0,NULL,no,NULL,NULL
998,246586,CLEAN-UP,,,32:52.8,0,NULL,no,NULL,NULL
999,246626,CLEAN-UP,,,32:52.8,0,NULL,no,NULL,NULL
1000,246818,CLEAN-UP,,,32:52.8,0,NULL,no,NULL,NULL
1001,246858,CLEAN-UP,,,32:52.8,0,NULL,no,NULL,NULL
1002,246983,CLEAN-UP,,,32:52.8,0,NULL,no,NULL,NULL
1003,247045,CLEAN-UP,,,32:52.8,0,NULL,no,NULL,NULL
1004,247056,CLEAN-UP,,,32:52.8,0,NULL,no,NULL,NULL
1005,247104,CLEAN-UP,,,32:52.8,0,NULL,no,NULL,NULL
1006,247107,CLEAN-UP,,,32:52.8,0,NULL,no,NULL,NULL
1007,247124,CLEAN-UP,,,32:52.8,0,NULL,no,NULL,NULL
1008,247137,CLEAN-UP,,,32:52.8,0,NULL,no,NULL,NULL
1009,247153,CLEAN-UP,,,32:52.8,0,NULL,no,NULL,NULL
1010,247163,CLEAN-UP,,,32:52.8,0,NULL,no,NULL,NULL
1011,247164,CLEAN-UP,,,32:52.8,0,NULL,no,NULL,NULL
1012,247198,CLEAN-UP,,,32:52.8,0,NULL,no,NULL,NULL
1013,247218,CLEAN-UP,,,32:52.8,0,NULL,no,NULL,NULL
1014,247235,CLEAN-UP,,,32:52.8,0,NULL,no,NULL,NULL
1015,247278,CLEAN-UP,,,32:52.8,0,NULL,no,NULL,NULL
1016,247343,CLEAN-UP,,,32:52.8,0,NULL,no,NULL,NULL
1017,247370,CLEAN-UP,,,32:52.8,0,NULL,no,NULL,NULL
